{"cameraMode":{"drawMode":0,"name":"Shaded","section":"Shading Mode"},"sceneLighting":false,"audioPlay":false,"sceneViewState":{"showFog":true,"showMaterialUpdate":false,"showSkybox":true,"showFlares":true,"showImageEffects":true,"showParticleSystems":true},"in2DMode":false,"pivot":{"x":-0.14090979099273683,"y":0.35534369945526125,"z":2.465407609939575},"rotation":{"x":-0.03723281994462013,"y":0.009305560030043126,"z":-0.00034803745802491903,"w":-0.9992632865905762},"size":4.4521636962890629,"orthographic":false}