{"cameraMode":{"drawMode":0,"name":"Shaded","section":"Shading Mode"},"sceneLighting":false,"audioPlay":false,"sceneViewState":{"showFog":true,"showMaterialUpdate":false,"showSkybox":true,"showFlares":true,"showImageEffects":true,"showParticleSystems":true},"in2DMode":false,"pivot":{"x":-0.06669863313436508,"y":-0.12626206874847413,"z":0.11359503865242005},"rotation":{"x":0.2502423822879791,"y":-0.06616765260696411,"z":0.01714533194899559,"w":0.9657673835754395},"size":3.220592737197876,"orthographic":false}