{"cameraMode":{"drawMode":0,"name":"Shaded","section":"Shading Mode"},"sceneLighting":false,"audioPlay":false,"sceneViewState":{"showFog":true,"showMaterialUpdate":false,"showSkybox":true,"showFlares":true,"showImageEffects":true,"showParticleSystems":true},"in2DMode":false,"pivot":{"x":0.04458846151828766,"y":0.1865546703338623,"z":1.7011034488677979},"rotation":{"x":-0.08809586614370346,"y":0.027202576398849489,"z":-0.0024079480208456518,"w":-0.995737612247467},"size":4.534735202789307,"orthographic":false}