{"cameraMode":{"drawMode":0,"name":"Shaded","section":"Shading Mode"},"sceneLighting":false,"audioPlay":false,"sceneViewState":{"showFog":true,"showMaterialUpdate":false,"showSkybox":true,"showFlares":true,"showImageEffects":true,"showParticleSystems":true},"in2DMode":false,"pivot":{"x":4.651961326599121,"y":-5.982387542724609,"z":3.265825033187866},"rotation":{"x":-0.3633178174495697,"y":0.11278676986694336,"z":-0.04436150938272476,"w":-0.9237485527992249},"size":4.364610195159912,"orthographic":false}