{"cameraMode":{"drawMode":0,"name":"Shaded","section":"Shading Mode"},"sceneLighting":false,"audioPlay":false,"sceneViewState":{"showFog":true,"showMaterialUpdate":false,"showSkybox":true,"showFlares":true,"showImageEffects":true,"showParticleSystems":true},"in2DMode":false,"pivot":{"x":-0.20174042880535127,"y":0.17268645763397218,"z":0.047765955328941348},"rotation":{"x":-0.22901545464992524,"y":0.09618109464645386,"z":-0.022747404873371125,"w":-0.9683923721313477},"size":3.220592737197876,"orthographic":false}