{"cameraMode":{"drawMode":0,"name":"Shaded","section":"Shading Mode"},"sceneLighting":false,"audioPlay":false,"sceneViewState":{"showFog":true,"showMaterialUpdate":false,"showSkybox":true,"showFlares":true,"showImageEffects":true,"showParticleSystems":true},"in2DMode":false,"pivot":{"x":-0.3435114622116089,"y":-3.3778955936431886,"z":-0.34185293316841128},"rotation":{"x":0.23548592627048493,"y":-0.09284616261720658,"z":0.02260708250105381,"w":0.9671685695648193},"size":2.184499502182007,"orthographic":false}