{"cameraMode":{"drawMode":0,"name":"Shaded","section":"Shading Mode"},"sceneLighting":false,"audioPlay":false,"sceneViewState":{"showFog":true,"showMaterialUpdate":false,"showSkybox":true,"showFlares":true,"showImageEffects":true,"showParticleSystems":true},"in2DMode":false,"pivot":{"x":-3.2423157691955568,"y":-2.662777900695801,"z":-0.05911574512720108},"rotation":{"x":-0.21147187054157258,"y":0.6841019988059998,"z":-0.21817652881145478,"w":-0.6630859971046448},"size":5.473114490509033,"orthographic":false}