{"cameraMode":{"drawMode":0,"name":"Shaded","section":"Shading Mode"},"sceneLighting":false,"audioPlay":false,"sceneViewState":{"showFog":true,"showMaterialUpdate":false,"showSkybox":true,"showFlares":true,"showImageEffects":true,"showParticleSystems":true},"in2DMode":false,"pivot":{"x":-0.30941736698150637,"y":-2.0659615993499758,"z":-2.3121957778930666},"rotation":{"x":-0.05537842586636543,"y":0.668944776058197,"z":-0.050093237310647967,"w":-0.739551842212677},"size":0.9230954051017761,"orthographic":false}