{"cameraMode":{"drawMode":0,"name":"Shaded","section":"Shading Mode"},"sceneLighting":false,"audioPlay":false,"sceneViewState":{"showFog":true,"showMaterialUpdate":false,"showSkybox":true,"showFlares":true,"showImageEffects":true,"showParticleSystems":true},"in2DMode":false,"pivot":{"x":-3.489504814147949,"y":-8.21028995513916,"z":27.55628776550293},"rotation":{"x":0.13872870802879334,"y":-0.07065200805664063,"z":0.00992333423346281,"w":0.9877572059631348},"size":30.686628341674806,"orthographic":false}