{"cameraMode":{"drawMode":0,"name":"Shaded","section":"Shading Mode"},"sceneLighting":false,"audioPlay":false,"sceneViewState":{"showFog":true,"showMaterialUpdate":false,"showSkybox":true,"showFlares":true,"showImageEffects":true,"showParticleSystems":true},"in2DMode":false,"pivot":{"x":1.1920928955078126e-7,"y":-4.917383193969727e-7,"z":-1.1920928955078126e-7},"rotation":{"x":-0.22901545464992524,"y":0.09618109464645386,"z":-0.022747404873371125,"w":-0.9683923721313477},"size":4.289162635803223,"orthographic":false}