{"cameraMode":{"drawMode":0,"name":"Shaded","section":"Shading Mode"},"sceneLighting":false,"audioPlay":false,"sceneViewState":{"showFog":true,"showMaterialUpdate":false,"showSkybox":true,"showFlares":true,"showImageEffects":true,"showParticleSystems":true},"in2DMode":false,"pivot":{"x":0.11563243716955185,"y":0.056590523570775989,"z":-0.2737506031990051},"rotation":{"x":0.36763426661491396,"y":-0.07380498945713043,"z":0.02928490750491619,"w":0.9265745282173157},"size":1.5289170742034913,"orthographic":false}