{"cameraMode":{"drawMode":0,"name":"Shaded","section":"Shading Mode"},"sceneLighting":false,"audioPlay":false,"sceneViewState":{"showFog":true,"showMaterialUpdate":false,"showSkybox":true,"showFlares":true,"showImageEffects":true,"showParticleSystems":true},"in2DMode":false,"pivot":{"x":-28.892414093017579,"y":0.3136735260486603,"z":-17.489870071411134},"rotation":{"x":0.27163535356521609,"y":0.12571658194065095,"z":-0.035814523696899417,"w":0.9534814953804016},"size":1.9578838348388672,"orthographic":false}