{"cameraMode":{"drawMode":0,"name":"Shaded","section":"Shading Mode"},"sceneLighting":false,"audioPlay":false,"sceneViewState":{"showFog":true,"showMaterialUpdate":false,"showSkybox":true,"showFlares":true,"showImageEffects":true,"showParticleSystems":true},"in2DMode":false,"pivot":{"x":6.236072063446045,"y":-0.48839235305786135,"z":-1.115966558456421},"rotation":{"x":-0.06164804846048355,"y":-0.9173183441162109,"z":0.15674692392349244,"w":-0.36077287793159487},"size":2.629859209060669,"orthographic":false}